Model,Accuracy,Precision (Macro),Recall (Macro),F1-score (Macro),ROC-AUC (OvR)
Logistic Regression,0.8299595141700404,0.6311693554314813,0.6384304501951561,0.6321702420919948,0.9578818469359683
Random Forest,0.979757085020243,0.9449596212754108,0.8934183463595227,0.90932384746314,0.9997436175903042
XGBoost,0.979757085020243,0.9208193041526376,0.8903493236826571,0.8947645540073859,0.9995303433191953
